"dateTime","value","dataset_time","dataset_value","datasetInterval","datasetType"
"2023-02-13","9397","00:00:00",0,1,"minute"
"2023-02-13","9397","00:01:00",0,1,"minute"
"2023-02-13","9397","00:02:00",0,1,"minute"
"2023-02-13","9397","00:03:00",0,1,"minute"
"2023-02-13","9397","00:04:00",0,1,"minute"
"2023-02-13","9397","00:05:00",0,1,"minute"
"2023-02-13","9397","00:06:00",0,1,"minute"
"2023-02-13","9397","00:07:00",0,1,"minute"
"2023-02-13","9397","00:08:00",0,1,"minute"
"2023-02-13","9397","00:09:00",0,1,"minute"
"2023-02-13","9397","00:10:00",0,1,"minute"
"2023-02-13","9397","00:11:00",0,1,"minute"
"2023-02-13","9397","00:12:00",0,1,"minute"
"2023-02-13","9397","00:13:00",0,1,"minute"
"2023-02-13","9397","00:14:00",0,1,"minute"
"2023-02-13","9397","00:15:00",0,1,"minute"
"2023-02-13","9397","00:16:00",0,1,"minute"
"2023-02-13","9397","00:17:00",0,1,"minute"
"2023-02-13","9397","00:18:00",0,1,"minute"
"2023-02-13","9397","00:19:00",0,1,"minute"
"2023-02-13","9397","00:20:00",0,1,"minute"
"2023-02-13","9397","00:21:00",0,1,"minute"
"2023-02-13","9397","00:22:00",0,1,"minute"
"2023-02-13","9397","00:23:00",0,1,"minute"
"2023-02-13","9397","00:24:00",0,1,"minute"
"2023-02-13","9397","00:25:00",0,1,"minute"
"2023-02-13","9397","00:26:00",0,1,"minute"
"2023-02-13","9397","00:27:00",0,1,"minute"
"2023-02-13","9397","00:28:00",0,1,"minute"
"2023-02-13","9397","00:29:00",0,1,"minute"
"2023-02-13","9397","00:30:00",0,1,"minute"
"2023-02-13","9397","00:31:00",0,1,"minute"
"2023-02-13","9397","00:32:00",0,1,"minute"
"2023-02-13","9397","00:33:00",0,1,"minute"
"2023-02-13","9397","00:34:00",0,1,"minute"
"2023-02-13","9397","00:35:00",0,1,"minute"
"2023-02-13","9397","00:36:00",0,1,"minute"
"2023-02-13","9397","00:37:00",0,1,"minute"
"2023-02-13","9397","00:38:00",0,1,"minute"
"2023-02-13","9397","00:39:00",0,1,"minute"
"2023-02-13","9397","00:40:00",0,1,"minute"
"2023-02-13","9397","00:41:00",0,1,"minute"
"2023-02-13","9397","00:42:00",0,1,"minute"
"2023-02-13","9397","00:43:00",4,1,"minute"
"2023-02-13","9397","00:44:00",4,1,"minute"
"2023-02-13","9397","00:45:00",0,1,"minute"
"2023-02-13","9397","00:46:00",0,1,"minute"
"2023-02-13","9397","00:47:00",0,1,"minute"
"2023-02-13","9397","00:48:00",0,1,"minute"
"2023-02-13","9397","00:49:00",9,1,"minute"
"2023-02-13","9397","00:50:00",28,1,"minute"
"2023-02-13","9397","00:51:00",0,1,"minute"
"2023-02-13","9397","00:52:00",0,1,"minute"
"2023-02-13","9397","00:53:00",0,1,"minute"
"2023-02-13","9397","00:54:00",0,1,"minute"
"2023-02-13","9397","00:55:00",0,1,"minute"
"2023-02-13","9397","00:56:00",0,1,"minute"
"2023-02-13","9397","00:57:00",0,1,"minute"
"2023-02-13","9397","00:58:00",0,1,"minute"
"2023-02-13","9397","00:59:00",0,1,"minute"
"2023-02-13","9397","01:00:00",0,1,"minute"
"2023-02-13","9397","01:01:00",0,1,"minute"
"2023-02-13","9397","01:02:00",0,1,"minute"
"2023-02-13","9397","01:03:00",0,1,"minute"
"2023-02-13","9397","01:04:00",0,1,"minute"
"2023-02-13","9397","01:05:00",0,1,"minute"
"2023-02-13","9397","01:06:00",0,1,"minute"
"2023-02-13","9397","01:07:00",0,1,"minute"
"2023-02-13","9397","01:08:00",0,1,"minute"
"2023-02-13","9397","01:09:00",0,1,"minute"
"2023-02-13","9397","01:10:00",0,1,"minute"
"2023-02-13","9397","01:11:00",0,1,"minute"
"2023-02-13","9397","01:12:00",0,1,"minute"
"2023-02-13","9397","01:13:00",0,1,"minute"
"2023-02-13","9397","01:14:00",0,1,"minute"
"2023-02-13","9397","01:15:00",0,1,"minute"
"2023-02-13","9397","01:16:00",0,1,"minute"
"2023-02-13","9397","01:17:00",0,1,"minute"
"2023-02-13","9397","01:18:00",0,1,"minute"
"2023-02-13","9397","01:19:00",0,1,"minute"
"2023-02-13","9397","01:20:00",0,1,"minute"
"2023-02-13","9397","01:21:00",0,1,"minute"
"2023-02-13","9397","01:22:00",0,1,"minute"
"2023-02-13","9397","01:23:00",0,1,"minute"
"2023-02-13","9397","01:24:00",0,1,"minute"
"2023-02-13","9397","01:25:00",0,1,"minute"
"2023-02-13","9397","01:26:00",0,1,"minute"
"2023-02-13","9397","01:27:00",0,1,"minute"
"2023-02-13","9397","01:28:00",0,1,"minute"
"2023-02-13","9397","01:29:00",0,1,"minute"
"2023-02-13","9397","01:30:00",0,1,"minute"
"2023-02-13","9397","01:31:00",0,1,"minute"
"2023-02-13","9397","01:32:00",0,1,"minute"
"2023-02-13","9397","01:33:00",0,1,"minute"
"2023-02-13","9397","01:34:00",0,1,"minute"
"2023-02-13","9397","01:35:00",0,1,"minute"
"2023-02-13","9397","01:36:00",0,1,"minute"
"2023-02-13","9397","01:37:00",0,1,"minute"
"2023-02-13","9397","01:38:00",0,1,"minute"
"2023-02-13","9397","01:39:00",0,1,"minute"
"2023-02-13","9397","01:40:00",0,1,"minute"
"2023-02-13","9397","01:41:00",0,1,"minute"
"2023-02-13","9397","01:42:00",0,1,"minute"
"2023-02-13","9397","01:43:00",0,1,"minute"
"2023-02-13","9397","01:44:00",0,1,"minute"
"2023-02-13","9397","01:45:00",0,1,"minute"
"2023-02-13","9397","01:46:00",0,1,"minute"
"2023-02-13","9397","01:47:00",0,1,"minute"
"2023-02-13","9397","01:48:00",0,1,"minute"
"2023-02-13","9397","01:49:00",18,1,"minute"
"2023-02-13","9397","01:50:00",13,1,"minute"
"2023-02-13","9397","01:51:00",0,1,"minute"
"2023-02-13","9397","01:52:00",0,1,"minute"
"2023-02-13","9397","01:53:00",0,1,"minute"
"2023-02-13","9397","01:54:00",0,1,"minute"
"2023-02-13","9397","01:55:00",0,1,"minute"
"2023-02-13","9397","01:56:00",0,1,"minute"
"2023-02-13","9397","01:57:00",0,1,"minute"
"2023-02-13","9397","01:58:00",0,1,"minute"
"2023-02-13","9397","01:59:00",0,1,"minute"
"2023-02-13","9397","02:00:00",0,1,"minute"
"2023-02-13","9397","02:01:00",0,1,"minute"
"2023-02-13","9397","02:02:00",0,1,"minute"
"2023-02-13","9397","02:03:00",0,1,"minute"
"2023-02-13","9397","02:04:00",0,1,"minute"
"2023-02-13","9397","02:05:00",0,1,"minute"
"2023-02-13","9397","02:06:00",0,1,"minute"
"2023-02-13","9397","02:07:00",0,1,"minute"
"2023-02-13","9397","02:08:00",0,1,"minute"
"2023-02-13","9397","02:09:00",0,1,"minute"
"2023-02-13","9397","02:10:00",0,1,"minute"
"2023-02-13","9397","02:11:00",0,1,"minute"
"2023-02-13","9397","02:12:00",0,1,"minute"
"2023-02-13","9397","02:13:00",0,1,"minute"
"2023-02-13","9397","02:14:00",0,1,"minute"
"2023-02-13","9397","02:15:00",0,1,"minute"
"2023-02-13","9397","02:16:00",0,1,"minute"
"2023-02-13","9397","02:17:00",0,1,"minute"
"2023-02-13","9397","02:18:00",0,1,"minute"
"2023-02-13","9397","02:19:00",0,1,"minute"
"2023-02-13","9397","02:20:00",0,1,"minute"
"2023-02-13","9397","02:21:00",0,1,"minute"
"2023-02-13","9397","02:22:00",0,1,"minute"
"2023-02-13","9397","02:23:00",0,1,"minute"
"2023-02-13","9397","02:24:00",0,1,"minute"
"2023-02-13","9397","02:25:00",0,1,"minute"
"2023-02-13","9397","02:26:00",0,1,"minute"
"2023-02-13","9397","02:27:00",0,1,"minute"
"2023-02-13","9397","02:28:00",0,1,"minute"
"2023-02-13","9397","02:29:00",0,1,"minute"
"2023-02-13","9397","02:30:00",0,1,"minute"
"2023-02-13","9397","02:31:00",0,1,"minute"
"2023-02-13","9397","02:32:00",0,1,"minute"
"2023-02-13","9397","02:33:00",0,1,"minute"
"2023-02-13","9397","02:34:00",0,1,"minute"
"2023-02-13","9397","02:35:00",0,1,"minute"
"2023-02-13","9397","02:36:00",0,1,"minute"
"2023-02-13","9397","02:37:00",0,1,"minute"
"2023-02-13","9397","02:38:00",0,1,"minute"
"2023-02-13","9397","02:39:00",0,1,"minute"
"2023-02-13","9397","02:40:00",0,1,"minute"
"2023-02-13","9397","02:41:00",0,1,"minute"
"2023-02-13","9397","02:42:00",0,1,"minute"
"2023-02-13","9397","02:43:00",0,1,"minute"
"2023-02-13","9397","02:44:00",0,1,"minute"
"2023-02-13","9397","02:45:00",0,1,"minute"
"2023-02-13","9397","02:46:00",0,1,"minute"
"2023-02-13","9397","02:47:00",0,1,"minute"
"2023-02-13","9397","02:48:00",0,1,"minute"
"2023-02-13","9397","02:49:00",0,1,"minute"
"2023-02-13","9397","02:50:00",0,1,"minute"
"2023-02-13","9397","02:51:00",0,1,"minute"
"2023-02-13","9397","02:52:00",0,1,"minute"
"2023-02-13","9397","02:53:00",0,1,"minute"
"2023-02-13","9397","02:54:00",0,1,"minute"
"2023-02-13","9397","02:55:00",0,1,"minute"
"2023-02-13","9397","02:56:00",0,1,"minute"
"2023-02-13","9397","02:57:00",0,1,"minute"
"2023-02-13","9397","02:58:00",0,1,"minute"
"2023-02-13","9397","02:59:00",0,1,"minute"
"2023-02-13","9397","03:00:00",0,1,"minute"
"2023-02-13","9397","03:01:00",0,1,"minute"
"2023-02-13","9397","03:02:00",0,1,"minute"
"2023-02-13","9397","03:03:00",0,1,"minute"
"2023-02-13","9397","03:04:00",0,1,"minute"
"2023-02-13","9397","03:05:00",0,1,"minute"
"2023-02-13","9397","03:06:00",0,1,"minute"
"2023-02-13","9397","03:07:00",0,1,"minute"
"2023-02-13","9397","03:08:00",0,1,"minute"
"2023-02-13","9397","03:09:00",0,1,"minute"
"2023-02-13","9397","03:10:00",0,1,"minute"
"2023-02-13","9397","03:11:00",0,1,"minute"
"2023-02-13","9397","03:12:00",0,1,"minute"
"2023-02-13","9397","03:13:00",0,1,"minute"
"2023-02-13","9397","03:14:00",0,1,"minute"
"2023-02-13","9397","03:15:00",0,1,"minute"
"2023-02-13","9397","03:16:00",0,1,"minute"
"2023-02-13","9397","03:17:00",0,1,"minute"
"2023-02-13","9397","03:18:00",0,1,"minute"
"2023-02-13","9397","03:19:00",0,1,"minute"
"2023-02-13","9397","03:20:00",0,1,"minute"
"2023-02-13","9397","03:21:00",0,1,"minute"
"2023-02-13","9397","03:22:00",0,1,"minute"
"2023-02-13","9397","03:23:00",0,1,"minute"
"2023-02-13","9397","03:24:00",0,1,"minute"
"2023-02-13","9397","03:25:00",0,1,"minute"
"2023-02-13","9397","03:26:00",0,1,"minute"
"2023-02-13","9397","03:27:00",0,1,"minute"
"2023-02-13","9397","03:28:00",0,1,"minute"
"2023-02-13","9397","03:29:00",0,1,"minute"
"2023-02-13","9397","03:30:00",0,1,"minute"
"2023-02-13","9397","03:31:00",0,1,"minute"
"2023-02-13","9397","03:32:00",0,1,"minute"
"2023-02-13","9397","03:33:00",0,1,"minute"
"2023-02-13","9397","03:34:00",0,1,"minute"
"2023-02-13","9397","03:35:00",0,1,"minute"
"2023-02-13","9397","03:36:00",0,1,"minute"
"2023-02-13","9397","03:37:00",0,1,"minute"
"2023-02-13","9397","03:38:00",0,1,"minute"
"2023-02-13","9397","03:39:00",0,1,"minute"
"2023-02-13","9397","03:40:00",0,1,"minute"
"2023-02-13","9397","03:41:00",0,1,"minute"
"2023-02-13","9397","03:42:00",0,1,"minute"
"2023-02-13","9397","03:43:00",0,1,"minute"
"2023-02-13","9397","03:44:00",0,1,"minute"
"2023-02-13","9397","03:45:00",0,1,"minute"
"2023-02-13","9397","03:46:00",0,1,"minute"
"2023-02-13","9397","03:47:00",0,1,"minute"
"2023-02-13","9397","03:48:00",0,1,"minute"
"2023-02-13","9397","03:49:00",0,1,"minute"
"2023-02-13","9397","03:50:00",0,1,"minute"
"2023-02-13","9397","03:51:00",0,1,"minute"
"2023-02-13","9397","03:52:00",0,1,"minute"
"2023-02-13","9397","03:53:00",0,1,"minute"
"2023-02-13","9397","03:54:00",0,1,"minute"
"2023-02-13","9397","03:55:00",0,1,"minute"
"2023-02-13","9397","03:56:00",0,1,"minute"
"2023-02-13","9397","03:57:00",0,1,"minute"
"2023-02-13","9397","03:58:00",0,1,"minute"
"2023-02-13","9397","03:59:00",0,1,"minute"
"2023-02-13","9397","04:00:00",0,1,"minute"
"2023-02-13","9397","04:01:00",0,1,"minute"
"2023-02-13","9397","04:02:00",0,1,"minute"
"2023-02-13","9397","04:03:00",0,1,"minute"
"2023-02-13","9397","04:04:00",0,1,"minute"
"2023-02-13","9397","04:05:00",0,1,"minute"
"2023-02-13","9397","04:06:00",0,1,"minute"
"2023-02-13","9397","04:07:00",0,1,"minute"
"2023-02-13","9397","04:08:00",0,1,"minute"
"2023-02-13","9397","04:09:00",0,1,"minute"
"2023-02-13","9397","04:10:00",0,1,"minute"
"2023-02-13","9397","04:11:00",0,1,"minute"
"2023-02-13","9397","04:12:00",0,1,"minute"
"2023-02-13","9397","04:13:00",0,1,"minute"
"2023-02-13","9397","04:14:00",0,1,"minute"
"2023-02-13","9397","04:15:00",0,1,"minute"
"2023-02-13","9397","04:16:00",0,1,"minute"
"2023-02-13","9397","04:17:00",0,1,"minute"
"2023-02-13","9397","04:18:00",0,1,"minute"
"2023-02-13","9397","04:19:00",0,1,"minute"
"2023-02-13","9397","04:20:00",0,1,"minute"
"2023-02-13","9397","04:21:00",0,1,"minute"
"2023-02-13","9397","04:22:00",0,1,"minute"
"2023-02-13","9397","04:23:00",0,1,"minute"
"2023-02-13","9397","04:24:00",0,1,"minute"
"2023-02-13","9397","04:25:00",0,1,"minute"
"2023-02-13","9397","04:26:00",0,1,"minute"
"2023-02-13","9397","04:27:00",0,1,"minute"
"2023-02-13","9397","04:28:00",0,1,"minute"
"2023-02-13","9397","04:29:00",0,1,"minute"
"2023-02-13","9397","04:30:00",0,1,"minute"
"2023-02-13","9397","04:31:00",0,1,"minute"
"2023-02-13","9397","04:32:00",0,1,"minute"
"2023-02-13","9397","04:33:00",0,1,"minute"
"2023-02-13","9397","04:34:00",0,1,"minute"
"2023-02-13","9397","04:35:00",0,1,"minute"
"2023-02-13","9397","04:36:00",0,1,"minute"
"2023-02-13","9397","04:37:00",0,1,"minute"
"2023-02-13","9397","04:38:00",0,1,"minute"
"2023-02-13","9397","04:39:00",0,1,"minute"
"2023-02-13","9397","04:40:00",0,1,"minute"
"2023-02-13","9397","04:41:00",0,1,"minute"
"2023-02-13","9397","04:42:00",0,1,"minute"
"2023-02-13","9397","04:43:00",0,1,"minute"
"2023-02-13","9397","04:44:00",0,1,"minute"
"2023-02-13","9397","04:45:00",0,1,"minute"
"2023-02-13","9397","04:46:00",0,1,"minute"
"2023-02-13","9397","04:47:00",0,1,"minute"
"2023-02-13","9397","04:48:00",0,1,"minute"
"2023-02-13","9397","04:49:00",0,1,"minute"
"2023-02-13","9397","04:50:00",0,1,"minute"
"2023-02-13","9397","04:51:00",0,1,"minute"
"2023-02-13","9397","04:52:00",0,1,"minute"
"2023-02-13","9397","04:53:00",0,1,"minute"
"2023-02-13","9397","04:54:00",0,1,"minute"
"2023-02-13","9397","04:55:00",0,1,"minute"
"2023-02-13","9397","04:56:00",0,1,"minute"
"2023-02-13","9397","04:57:00",0,1,"minute"
"2023-02-13","9397","04:58:00",0,1,"minute"
"2023-02-13","9397","04:59:00",0,1,"minute"
"2023-02-13","9397","05:00:00",0,1,"minute"
"2023-02-13","9397","05:01:00",0,1,"minute"
"2023-02-13","9397","05:02:00",0,1,"minute"
"2023-02-13","9397","05:03:00",0,1,"minute"
"2023-02-13","9397","05:04:00",0,1,"minute"
"2023-02-13","9397","05:05:00",0,1,"minute"
"2023-02-13","9397","05:06:00",0,1,"minute"
"2023-02-13","9397","05:07:00",0,1,"minute"
"2023-02-13","9397","05:08:00",0,1,"minute"
"2023-02-13","9397","05:09:00",0,1,"minute"
"2023-02-13","9397","05:10:00",0,1,"minute"
"2023-02-13","9397","05:11:00",0,1,"minute"
"2023-02-13","9397","05:12:00",0,1,"minute"
"2023-02-13","9397","05:13:00",0,1,"minute"
"2023-02-13","9397","05:14:00",0,1,"minute"
"2023-02-13","9397","05:15:00",0,1,"minute"
"2023-02-13","9397","05:16:00",0,1,"minute"
"2023-02-13","9397","05:17:00",0,1,"minute"
"2023-02-13","9397","05:18:00",0,1,"minute"
"2023-02-13","9397","05:19:00",0,1,"minute"
"2023-02-13","9397","05:20:00",0,1,"minute"
"2023-02-13","9397","05:21:00",0,1,"minute"
"2023-02-13","9397","05:22:00",0,1,"minute"
"2023-02-13","9397","05:23:00",0,1,"minute"
"2023-02-13","9397","05:24:00",0,1,"minute"
"2023-02-13","9397","05:25:00",0,1,"minute"
"2023-02-13","9397","05:26:00",0,1,"minute"
"2023-02-13","9397","05:27:00",0,1,"minute"
"2023-02-13","9397","05:28:00",0,1,"minute"
"2023-02-13","9397","05:29:00",0,1,"minute"
"2023-02-13","9397","05:30:00",0,1,"minute"
"2023-02-13","9397","05:31:00",0,1,"minute"
"2023-02-13","9397","05:32:00",0,1,"minute"
"2023-02-13","9397","05:33:00",0,1,"minute"
"2023-02-13","9397","05:34:00",0,1,"minute"
"2023-02-13","9397","05:35:00",0,1,"minute"
"2023-02-13","9397","05:36:00",0,1,"minute"
"2023-02-13","9397","05:37:00",0,1,"minute"
"2023-02-13","9397","05:38:00",0,1,"minute"
"2023-02-13","9397","05:39:00",0,1,"minute"
"2023-02-13","9397","05:40:00",0,1,"minute"
"2023-02-13","9397","05:41:00",0,1,"minute"
"2023-02-13","9397","05:42:00",0,1,"minute"
"2023-02-13","9397","05:43:00",0,1,"minute"
"2023-02-13","9397","05:44:00",0,1,"minute"
"2023-02-13","9397","05:45:00",0,1,"minute"
"2023-02-13","9397","05:46:00",0,1,"minute"
"2023-02-13","9397","05:47:00",0,1,"minute"
"2023-02-13","9397","05:48:00",0,1,"minute"
"2023-02-13","9397","05:49:00",0,1,"minute"
"2023-02-13","9397","05:50:00",0,1,"minute"
"2023-02-13","9397","05:51:00",0,1,"minute"
"2023-02-13","9397","05:52:00",0,1,"minute"
"2023-02-13","9397","05:53:00",0,1,"minute"
"2023-02-13","9397","05:54:00",0,1,"minute"
"2023-02-13","9397","05:55:00",0,1,"minute"
"2023-02-13","9397","05:56:00",0,1,"minute"
"2023-02-13","9397","05:57:00",0,1,"minute"
"2023-02-13","9397","05:58:00",0,1,"minute"
"2023-02-13","9397","05:59:00",0,1,"minute"
"2023-02-13","9397","06:00:00",0,1,"minute"
"2023-02-13","9397","06:01:00",0,1,"minute"
"2023-02-13","9397","06:02:00",0,1,"minute"
"2023-02-13","9397","06:03:00",0,1,"minute"
"2023-02-13","9397","06:04:00",0,1,"minute"
"2023-02-13","9397","06:05:00",0,1,"minute"
"2023-02-13","9397","06:06:00",0,1,"minute"
"2023-02-13","9397","06:07:00",0,1,"minute"
"2023-02-13","9397","06:08:00",0,1,"minute"
"2023-02-13","9397","06:09:00",0,1,"minute"
"2023-02-13","9397","06:10:00",0,1,"minute"
"2023-02-13","9397","06:11:00",0,1,"minute"
"2023-02-13","9397","06:12:00",0,1,"minute"
"2023-02-13","9397","06:13:00",0,1,"minute"
"2023-02-13","9397","06:14:00",0,1,"minute"
"2023-02-13","9397","06:15:00",0,1,"minute"
"2023-02-13","9397","06:16:00",0,1,"minute"
"2023-02-13","9397","06:17:00",0,1,"minute"
"2023-02-13","9397","06:18:00",0,1,"minute"
"2023-02-13","9397","06:19:00",0,1,"minute"
"2023-02-13","9397","06:20:00",0,1,"minute"
"2023-02-13","9397","06:21:00",0,1,"minute"
"2023-02-13","9397","06:22:00",0,1,"minute"
"2023-02-13","9397","06:23:00",0,1,"minute"
"2023-02-13","9397","06:24:00",0,1,"minute"
"2023-02-13","9397","06:25:00",0,1,"minute"
"2023-02-13","9397","06:26:00",0,1,"minute"
"2023-02-13","9397","06:27:00",0,1,"minute"
"2023-02-13","9397","06:28:00",0,1,"minute"
"2023-02-13","9397","06:29:00",0,1,"minute"
"2023-02-13","9397","06:30:00",0,1,"minute"
"2023-02-13","9397","06:31:00",0,1,"minute"
"2023-02-13","9397","06:32:00",0,1,"minute"
"2023-02-13","9397","06:33:00",0,1,"minute"
"2023-02-13","9397","06:34:00",0,1,"minute"
"2023-02-13","9397","06:35:00",0,1,"minute"
"2023-02-13","9397","06:36:00",0,1,"minute"
"2023-02-13","9397","06:37:00",0,1,"minute"
"2023-02-13","9397","06:38:00",0,1,"minute"
"2023-02-13","9397","06:39:00",0,1,"minute"
"2023-02-13","9397","06:40:00",0,1,"minute"
"2023-02-13","9397","06:41:00",0,1,"minute"
"2023-02-13","9397","06:42:00",0,1,"minute"
"2023-02-13","9397","06:43:00",0,1,"minute"
"2023-02-13","9397","06:44:00",0,1,"minute"
"2023-02-13","9397","06:45:00",0,1,"minute"
"2023-02-13","9397","06:46:00",0,1,"minute"
"2023-02-13","9397","06:47:00",0,1,"minute"
"2023-02-13","9397","06:48:00",0,1,"minute"
"2023-02-13","9397","06:49:00",0,1,"minute"
"2023-02-13","9397","06:50:00",0,1,"minute"
"2023-02-13","9397","06:51:00",0,1,"minute"
"2023-02-13","9397","06:52:00",0,1,"minute"
"2023-02-13","9397","06:53:00",0,1,"minute"
"2023-02-13","9397","06:54:00",0,1,"minute"
"2023-02-13","9397","06:55:00",0,1,"minute"
"2023-02-13","9397","06:56:00",0,1,"minute"
"2023-02-13","9397","06:57:00",0,1,"minute"
"2023-02-13","9397","06:58:00",0,1,"minute"
"2023-02-13","9397","06:59:00",0,1,"minute"
"2023-02-13","9397","07:00:00",0,1,"minute"
"2023-02-13","9397","07:01:00",0,1,"minute"
"2023-02-13","9397","07:02:00",0,1,"minute"
"2023-02-13","9397","07:03:00",0,1,"minute"
"2023-02-13","9397","07:04:00",0,1,"minute"
"2023-02-13","9397","07:05:00",0,1,"minute"
"2023-02-13","9397","07:06:00",0,1,"minute"
"2023-02-13","9397","07:07:00",0,1,"minute"
"2023-02-13","9397","07:08:00",0,1,"minute"
"2023-02-13","9397","07:09:00",0,1,"minute"
"2023-02-13","9397","07:10:00",0,1,"minute"
"2023-02-13","9397","07:11:00",0,1,"minute"
"2023-02-13","9397","07:12:00",0,1,"minute"
"2023-02-13","9397","07:13:00",0,1,"minute"
"2023-02-13","9397","07:14:00",0,1,"minute"
"2023-02-13","9397","07:15:00",0,1,"minute"
"2023-02-13","9397","07:16:00",0,1,"minute"
"2023-02-13","9397","07:17:00",0,1,"minute"
"2023-02-13","9397","07:18:00",0,1,"minute"
"2023-02-13","9397","07:19:00",0,1,"minute"
"2023-02-13","9397","07:20:00",0,1,"minute"
"2023-02-13","9397","07:21:00",0,1,"minute"
"2023-02-13","9397","07:22:00",0,1,"minute"
"2023-02-13","9397","07:23:00",0,1,"minute"
"2023-02-13","9397","07:24:00",0,1,"minute"
"2023-02-13","9397","07:25:00",0,1,"minute"
"2023-02-13","9397","07:26:00",0,1,"minute"
"2023-02-13","9397","07:27:00",0,1,"minute"
"2023-02-13","9397","07:28:00",0,1,"minute"
"2023-02-13","9397","07:29:00",0,1,"minute"
"2023-02-13","9397","07:30:00",0,1,"minute"
"2023-02-13","9397","07:31:00",0,1,"minute"
"2023-02-13","9397","07:32:00",0,1,"minute"
"2023-02-13","9397","07:33:00",0,1,"minute"
"2023-02-13","9397","07:34:00",0,1,"minute"
"2023-02-13","9397","07:35:00",0,1,"minute"
"2023-02-13","9397","07:36:00",0,1,"minute"
"2023-02-13","9397","07:37:00",0,1,"minute"
"2023-02-13","9397","07:38:00",0,1,"minute"
"2023-02-13","9397","07:39:00",0,1,"minute"
"2023-02-13","9397","07:40:00",0,1,"minute"
"2023-02-13","9397","07:41:00",0,1,"minute"
"2023-02-13","9397","07:42:00",0,1,"minute"
"2023-02-13","9397","07:43:00",0,1,"minute"
"2023-02-13","9397","07:44:00",0,1,"minute"
"2023-02-13","9397","07:45:00",0,1,"minute"
"2023-02-13","9397","07:46:00",0,1,"minute"
"2023-02-13","9397","07:47:00",0,1,"minute"
"2023-02-13","9397","07:48:00",0,1,"minute"
"2023-02-13","9397","07:49:00",0,1,"minute"
"2023-02-13","9397","07:50:00",0,1,"minute"
"2023-02-13","9397","07:51:00",0,1,"minute"
"2023-02-13","9397","07:52:00",0,1,"minute"
"2023-02-13","9397","07:53:00",0,1,"minute"
"2023-02-13","9397","07:54:00",0,1,"minute"
"2023-02-13","9397","07:55:00",0,1,"minute"
"2023-02-13","9397","07:56:00",0,1,"minute"
"2023-02-13","9397","07:57:00",0,1,"minute"
"2023-02-13","9397","07:58:00",0,1,"minute"
"2023-02-13","9397","07:59:00",0,1,"minute"
"2023-02-13","9397","08:00:00",7,1,"minute"
"2023-02-13","9397","08:01:00",0,1,"minute"
"2023-02-13","9397","08:02:00",0,1,"minute"
"2023-02-13","9397","08:03:00",0,1,"minute"
"2023-02-13","9397","08:04:00",0,1,"minute"
"2023-02-13","9397","08:05:00",0,1,"minute"
"2023-02-13","9397","08:06:00",0,1,"minute"
"2023-02-13","9397","08:07:00",0,1,"minute"
"2023-02-13","9397","08:08:00",0,1,"minute"
"2023-02-13","9397","08:09:00",0,1,"minute"
"2023-02-13","9397","08:10:00",0,1,"minute"
"2023-02-13","9397","08:11:00",0,1,"minute"
"2023-02-13","9397","08:12:00",0,1,"minute"
"2023-02-13","9397","08:13:00",0,1,"minute"
"2023-02-13","9397","08:14:00",0,1,"minute"
"2023-02-13","9397","08:15:00",0,1,"minute"
"2023-02-13","9397","08:16:00",0,1,"minute"
"2023-02-13","9397","08:17:00",0,1,"minute"
"2023-02-13","9397","08:18:00",0,1,"minute"
"2023-02-13","9397","08:19:00",0,1,"minute"
"2023-02-13","9397","08:20:00",0,1,"minute"
"2023-02-13","9397","08:21:00",0,1,"minute"
"2023-02-13","9397","08:22:00",0,1,"minute"
"2023-02-13","9397","08:23:00",0,1,"minute"
"2023-02-13","9397","08:24:00",0,1,"minute"
"2023-02-13","9397","08:25:00",0,1,"minute"
"2023-02-13","9397","08:26:00",0,1,"minute"
"2023-02-13","9397","08:27:00",0,1,"minute"
"2023-02-13","9397","08:28:00",0,1,"minute"
"2023-02-13","9397","08:29:00",0,1,"minute"
"2023-02-13","9397","08:30:00",0,1,"minute"
"2023-02-13","9397","08:31:00",0,1,"minute"
"2023-02-13","9397","08:32:00",0,1,"minute"
"2023-02-13","9397","08:33:00",0,1,"minute"
"2023-02-13","9397","08:34:00",0,1,"minute"
"2023-02-13","9397","08:35:00",0,1,"minute"
"2023-02-13","9397","08:36:00",0,1,"minute"
"2023-02-13","9397","08:37:00",0,1,"minute"
"2023-02-13","9397","08:38:00",0,1,"minute"
"2023-02-13","9397","08:39:00",0,1,"minute"
"2023-02-13","9397","08:40:00",0,1,"minute"
"2023-02-13","9397","08:41:00",0,1,"minute"
"2023-02-13","9397","08:42:00",0,1,"minute"
"2023-02-13","9397","08:43:00",0,1,"minute"
"2023-02-13","9397","08:44:00",0,1,"minute"
"2023-02-13","9397","08:45:00",0,1,"minute"
"2023-02-13","9397","08:46:00",0,1,"minute"
"2023-02-13","9397","08:47:00",0,1,"minute"
"2023-02-13","9397","08:48:00",0,1,"minute"
"2023-02-13","9397","08:49:00",0,1,"minute"
"2023-02-13","9397","08:50:00",0,1,"minute"
"2023-02-13","9397","08:51:00",0,1,"minute"
"2023-02-13","9397","08:52:00",0,1,"minute"
"2023-02-13","9397","08:53:00",0,1,"minute"
"2023-02-13","9397","08:54:00",0,1,"minute"
"2023-02-13","9397","08:55:00",0,1,"minute"
"2023-02-13","9397","08:56:00",0,1,"minute"
"2023-02-13","9397","08:57:00",0,1,"minute"
"2023-02-13","9397","08:58:00",0,1,"minute"
"2023-02-13","9397","08:59:00",0,1,"minute"
"2023-02-13","9397","09:00:00",0,1,"minute"
"2023-02-13","9397","09:01:00",0,1,"minute"
"2023-02-13","9397","09:02:00",0,1,"minute"
"2023-02-13","9397","09:03:00",0,1,"minute"
"2023-02-13","9397","09:04:00",0,1,"minute"
"2023-02-13","9397","09:05:00",0,1,"minute"
"2023-02-13","9397","09:06:00",0,1,"minute"
"2023-02-13","9397","09:07:00",0,1,"minute"
"2023-02-13","9397","09:08:00",0,1,"minute"
"2023-02-13","9397","09:09:00",0,1,"minute"
"2023-02-13","9397","09:10:00",0,1,"minute"
"2023-02-13","9397","09:11:00",0,1,"minute"
"2023-02-13","9397","09:12:00",0,1,"minute"
"2023-02-13","9397","09:13:00",0,1,"minute"
"2023-02-13","9397","09:14:00",0,1,"minute"
"2023-02-13","9397","09:15:00",0,1,"minute"
"2023-02-13","9397","09:16:00",0,1,"minute"
"2023-02-13","9397","09:17:00",0,1,"minute"
"2023-02-13","9397","09:18:00",18,1,"minute"
"2023-02-13","9397","09:19:00",0,1,"minute"
"2023-02-13","9397","09:20:00",0,1,"minute"
"2023-02-13","9397","09:21:00",0,1,"minute"
"2023-02-13","9397","09:22:00",0,1,"minute"
"2023-02-13","9397","09:23:00",0,1,"minute"
"2023-02-13","9397","09:24:00",0,1,"minute"
"2023-02-13","9397","09:25:00",9,1,"minute"
"2023-02-13","9397","09:26:00",9,1,"minute"
"2023-02-13","9397","09:27:00",0,1,"minute"
"2023-02-13","9397","09:28:00",0,1,"minute"
"2023-02-13","9397","09:29:00",0,1,"minute"
"2023-02-13","9397","09:30:00",0,1,"minute"
"2023-02-13","9397","09:31:00",0,1,"minute"
"2023-02-13","9397","09:32:00",5,1,"minute"
"2023-02-13","9397","09:33:00",4,1,"minute"
"2023-02-13","9397","09:34:00",0,1,"minute"
"2023-02-13","9397","09:35:00",9,1,"minute"
"2023-02-13","9397","09:36:00",10,1,"minute"
"2023-02-13","9397","09:37:00",0,1,"minute"
"2023-02-13","9397","09:38:00",0,1,"minute"
"2023-02-13","9397","09:39:00",0,1,"minute"
"2023-02-13","9397","09:40:00",0,1,"minute"
"2023-02-13","9397","09:41:00",0,1,"minute"
"2023-02-13","9397","09:42:00",0,1,"minute"
"2023-02-13","9397","09:43:00",0,1,"minute"
"2023-02-13","9397","09:44:00",0,1,"minute"
"2023-02-13","9397","09:45:00",0,1,"minute"
"2023-02-13","9397","09:46:00",0,1,"minute"
"2023-02-13","9397","09:47:00",0,1,"minute"
"2023-02-13","9397","09:48:00",0,1,"minute"
"2023-02-13","9397","09:49:00",0,1,"minute"
"2023-02-13","9397","09:50:00",0,1,"minute"
"2023-02-13","9397","09:51:00",0,1,"minute"
"2023-02-13","9397","09:52:00",0,1,"minute"
"2023-02-13","9397","09:53:00",0,1,"minute"
"2023-02-13","9397","09:54:00",0,1,"minute"
"2023-02-13","9397","09:55:00",0,1,"minute"
"2023-02-13","9397","09:56:00",8,1,"minute"
"2023-02-13","9397","09:57:00",0,1,"minute"
"2023-02-13","9397","09:58:00",0,1,"minute"
"2023-02-13","9397","09:59:00",0,1,"minute"
"2023-02-13","9397","10:00:00",10,1,"minute"
"2023-02-13","9397","10:01:00",6,1,"minute"
"2023-02-13","9397","10:02:00",7,1,"minute"
"2023-02-13","9397","10:03:00",0,1,"minute"
"2023-02-13","9397","10:04:00",0,1,"minute"
"2023-02-13","9397","10:05:00",0,1,"minute"
"2023-02-13","9397","10:06:00",0,1,"minute"
"2023-02-13","9397","10:07:00",0,1,"minute"
"2023-02-13","9397","10:08:00",0,1,"minute"
"2023-02-13","9397","10:09:00",0,1,"minute"
"2023-02-13","9397","10:10:00",0,1,"minute"
"2023-02-13","9397","10:11:00",0,1,"minute"
"2023-02-13","9397","10:12:00",0,1,"minute"
"2023-02-13","9397","10:13:00",0,1,"minute"
"2023-02-13","9397","10:14:00",0,1,"minute"
"2023-02-13","9397","10:15:00",0,1,"minute"
"2023-02-13","9397","10:16:00",0,1,"minute"
"2023-02-13","9397","10:17:00",0,1,"minute"
"2023-02-13","9397","10:18:00",0,1,"minute"
"2023-02-13","9397","10:19:00",0,1,"minute"
"2023-02-13","9397","10:20:00",0,1,"minute"
"2023-02-13","9397","10:21:00",0,1,"minute"
"2023-02-13","9397","10:22:00",0,1,"minute"
"2023-02-13","9397","10:23:00",0,1,"minute"
"2023-02-13","9397","10:24:00",0,1,"minute"
"2023-02-13","9397","10:25:00",0,1,"minute"
"2023-02-13","9397","10:26:00",0,1,"minute"
"2023-02-13","9397","10:27:00",0,1,"minute"
"2023-02-13","9397","10:28:00",0,1,"minute"
"2023-02-13","9397","10:29:00",0,1,"minute"
"2023-02-13","9397","10:30:00",0,1,"minute"
"2023-02-13","9397","10:31:00",0,1,"minute"
"2023-02-13","9397","10:32:00",0,1,"minute"
"2023-02-13","9397","10:33:00",0,1,"minute"
"2023-02-13","9397","10:34:00",0,1,"minute"
"2023-02-13","9397","10:35:00",0,1,"minute"
"2023-02-13","9397","10:36:00",0,1,"minute"
"2023-02-13","9397","10:37:00",0,1,"minute"
"2023-02-13","9397","10:38:00",0,1,"minute"
"2023-02-13","9397","10:39:00",0,1,"minute"
"2023-02-13","9397","10:40:00",0,1,"minute"
"2023-02-13","9397","10:41:00",0,1,"minute"
"2023-02-13","9397","10:42:00",12,1,"minute"
"2023-02-13","9397","10:43:00",5,1,"minute"
"2023-02-13","9397","10:44:00",0,1,"minute"
"2023-02-13","9397","10:45:00",0,1,"minute"
"2023-02-13","9397","10:46:00",0,1,"minute"
"2023-02-13","9397","10:47:00",0,1,"minute"
"2023-02-13","9397","10:48:00",0,1,"minute"
"2023-02-13","9397","10:49:00",0,1,"minute"
"2023-02-13","9397","10:50:00",0,1,"minute"
"2023-02-13","9397","10:51:00",0,1,"minute"
"2023-02-13","9397","10:52:00",0,1,"minute"
"2023-02-13","9397","10:53:00",0,1,"minute"
"2023-02-13","9397","10:54:00",0,1,"minute"
"2023-02-13","9397","10:55:00",0,1,"minute"
"2023-02-13","9397","10:56:00",0,1,"minute"
"2023-02-13","9397","10:57:00",0,1,"minute"
"2023-02-13","9397","10:58:00",0,1,"minute"
"2023-02-13","9397","10:59:00",0,1,"minute"
"2023-02-13","9397","11:00:00",0,1,"minute"
"2023-02-13","9397","11:01:00",0,1,"minute"
"2023-02-13","9397","11:02:00",0,1,"minute"
"2023-02-13","9397","11:03:00",0,1,"minute"
"2023-02-13","9397","11:04:00",0,1,"minute"
"2023-02-13","9397","11:05:00",0,1,"minute"
"2023-02-13","9397","11:06:00",0,1,"minute"
"2023-02-13","9397","11:07:00",0,1,"minute"
"2023-02-13","9397","11:08:00",0,1,"minute"
"2023-02-13","9397","11:09:00",0,1,"minute"
"2023-02-13","9397","11:10:00",0,1,"minute"
"2023-02-13","9397","11:11:00",27,1,"minute"
"2023-02-13","9397","11:12:00",3,1,"minute"
"2023-02-13","9397","11:13:00",17,1,"minute"
"2023-02-13","9397","11:14:00",0,1,"minute"
"2023-02-13","9397","11:15:00",5,1,"minute"
"2023-02-13","9397","11:16:00",0,1,"minute"
"2023-02-13","9397","11:17:00",56,1,"minute"
"2023-02-13","9397","11:18:00",14,1,"minute"
"2023-02-13","9397","11:19:00",20,1,"minute"
"2023-02-13","9397","11:20:00",6,1,"minute"
"2023-02-13","9397","11:21:00",35,1,"minute"
"2023-02-13","9397","11:22:00",20,1,"minute"
"2023-02-13","9397","11:23:00",0,1,"minute"
"2023-02-13","9397","11:24:00",27,1,"minute"
"2023-02-13","9397","11:25:00",0,1,"minute"
"2023-02-13","9397","11:26:00",0,1,"minute"
"2023-02-13","9397","11:27:00",19,1,"minute"
"2023-02-13","9397","11:28:00",111,1,"minute"
"2023-02-13","9397","11:29:00",120,1,"minute"
"2023-02-13","9397","11:30:00",116,1,"minute"
"2023-02-13","9397","11:31:00",111,1,"minute"
"2023-02-13","9397","11:32:00",117,1,"minute"
"2023-02-13","9397","11:33:00",49,1,"minute"
"2023-02-13","9397","11:34:00",118,1,"minute"
"2023-02-13","9397","11:35:00",115,1,"minute"
"2023-02-13","9397","11:36:00",111,1,"minute"
"2023-02-13","9397","11:37:00",120,1,"minute"
"2023-02-13","9397","11:38:00",118,1,"minute"
"2023-02-13","9397","11:39:00",113,1,"minute"
"2023-02-13","9397","11:40:00",112,1,"minute"
"2023-02-13","9397","11:41:00",108,1,"minute"
"2023-02-13","9397","11:42:00",114,1,"minute"
"2023-02-13","9397","11:43:00",112,1,"minute"
"2023-02-13","9397","11:44:00",115,1,"minute"
"2023-02-13","9397","11:45:00",116,1,"minute"
"2023-02-13","9397","11:46:00",111,1,"minute"
"2023-02-13","9397","11:47:00",32,1,"minute"
"2023-02-13","9397","11:48:00",0,1,"minute"
"2023-02-13","9397","11:49:00",0,1,"minute"
"2023-02-13","9397","11:50:00",0,1,"minute"
"2023-02-13","9397","11:51:00",0,1,"minute"
"2023-02-13","9397","11:52:00",0,1,"minute"
"2023-02-13","9397","11:53:00",45,1,"minute"
"2023-02-13","9397","11:54:00",53,1,"minute"
"2023-02-13","9397","11:55:00",0,1,"minute"
"2023-02-13","9397","11:56:00",0,1,"minute"
"2023-02-13","9397","11:57:00",0,1,"minute"
"2023-02-13","9397","11:58:00",0,1,"minute"
"2023-02-13","9397","11:59:00",0,1,"minute"
"2023-02-13","9397","12:00:00",0,1,"minute"
"2023-02-13","9397","12:01:00",0,1,"minute"
"2023-02-13","9397","12:02:00",0,1,"minute"
"2023-02-13","9397","12:03:00",0,1,"minute"
"2023-02-13","9397","12:04:00",0,1,"minute"
"2023-02-13","9397","12:05:00",0,1,"minute"
"2023-02-13","9397","12:06:00",0,1,"minute"
"2023-02-13","9397","12:07:00",0,1,"minute"
"2023-02-13","9397","12:08:00",0,1,"minute"
"2023-02-13","9397","12:09:00",0,1,"minute"
"2023-02-13","9397","12:10:00",0,1,"minute"
"2023-02-13","9397","12:11:00",0,1,"minute"
"2023-02-13","9397","12:12:00",0,1,"minute"
"2023-02-13","9397","12:13:00",0,1,"minute"
"2023-02-13","9397","12:14:00",0,1,"minute"
"2023-02-13","9397","12:15:00",0,1,"minute"
"2023-02-13","9397","12:16:00",0,1,"minute"
"2023-02-13","9397","12:17:00",0,1,"minute"
"2023-02-13","9397","12:18:00",0,1,"minute"
"2023-02-13","9397","12:19:00",0,1,"minute"
"2023-02-13","9397","12:20:00",0,1,"minute"
"2023-02-13","9397","12:21:00",0,1,"minute"
"2023-02-13","9397","12:22:00",0,1,"minute"
"2023-02-13","9397","12:23:00",0,1,"minute"
"2023-02-13","9397","12:24:00",0,1,"minute"
"2023-02-13","9397","12:25:00",0,1,"minute"
"2023-02-13","9397","12:26:00",0,1,"minute"
"2023-02-13","9397","12:27:00",0,1,"minute"
"2023-02-13","9397","12:28:00",0,1,"minute"
"2023-02-13","9397","12:29:00",0,1,"minute"
"2023-02-13","9397","12:30:00",0,1,"minute"
"2023-02-13","9397","12:31:00",0,1,"minute"
"2023-02-13","9397","12:32:00",0,1,"minute"
"2023-02-13","9397","12:33:00",0,1,"minute"
"2023-02-13","9397","12:34:00",0,1,"minute"
"2023-02-13","9397","12:35:00",0,1,"minute"
"2023-02-13","9397","12:36:00",0,1,"minute"
"2023-02-13","9397","12:37:00",0,1,"minute"
"2023-02-13","9397","12:38:00",0,1,"minute"
"2023-02-13","9397","12:39:00",0,1,"minute"
"2023-02-13","9397","12:40:00",0,1,"minute"
"2023-02-13","9397","12:41:00",0,1,"minute"
"2023-02-13","9397","12:42:00",0,1,"minute"
"2023-02-13","9397","12:43:00",0,1,"minute"
"2023-02-13","9397","12:44:00",0,1,"minute"
"2023-02-13","9397","12:45:00",0,1,"minute"
"2023-02-13","9397","12:46:00",0,1,"minute"
"2023-02-13","9397","12:47:00",0,1,"minute"
"2023-02-13","9397","12:48:00",51,1,"minute"
"2023-02-13","9397","12:49:00",69,1,"minute"
"2023-02-13","9397","12:50:00",71,1,"minute"
"2023-02-13","9397","12:51:00",105,1,"minute"
"2023-02-13","9397","12:52:00",110,1,"minute"
"2023-02-13","9397","12:53:00",117,1,"minute"
"2023-02-13","9397","12:54:00",113,1,"minute"
"2023-02-13","9397","12:55:00",112,1,"minute"
"2023-02-13","9397","12:56:00",107,1,"minute"
"2023-02-13","9397","12:57:00",116,1,"minute"
"2023-02-13","9397","12:58:00",112,1,"minute"
"2023-02-13","9397","12:59:00",110,1,"minute"
"2023-02-13","9397","13:00:00",111,1,"minute"
"2023-02-13","9397","13:01:00",119,1,"minute"
"2023-02-13","9397","13:02:00",114,1,"minute"
"2023-02-13","9397","13:03:00",42,1,"minute"
"2023-02-13","9397","13:04:00",115,1,"minute"
"2023-02-13","9397","13:05:00",114,1,"minute"
"2023-02-13","9397","13:06:00",111,1,"minute"
"2023-02-13","9397","13:07:00",107,1,"minute"
"2023-02-13","9397","13:08:00",111,1,"minute"
"2023-02-13","9397","13:09:00",113,1,"minute"
"2023-02-13","9397","13:10:00",8,1,"minute"
"2023-02-13","9397","13:11:00",35,1,"minute"
"2023-02-13","9397","13:12:00",4,1,"minute"
"2023-02-13","9397","13:13:00",0,1,"minute"
"2023-02-13","9397","13:14:00",0,1,"minute"
"2023-02-13","9397","13:15:00",0,1,"minute"
"2023-02-13","9397","13:16:00",0,1,"minute"
"2023-02-13","9397","13:17:00",0,1,"minute"
"2023-02-13","9397","13:18:00",0,1,"minute"
"2023-02-13","9397","13:19:00",0,1,"minute"
"2023-02-13","9397","13:20:00",0,1,"minute"
"2023-02-13","9397","13:21:00",0,1,"minute"
"2023-02-13","9397","13:22:00",0,1,"minute"
"2023-02-13","9397","13:23:00",0,1,"minute"
"2023-02-13","9397","13:24:00",0,1,"minute"
"2023-02-13","9397","13:25:00",0,1,"minute"
"2023-02-13","9397","13:26:00",0,1,"minute"
"2023-02-13","9397","13:27:00",0,1,"minute"
"2023-02-13","9397","13:28:00",0,1,"minute"
"2023-02-13","9397","13:29:00",0,1,"minute"
"2023-02-13","9397","13:30:00",0,1,"minute"
"2023-02-13","9397","13:31:00",0,1,"minute"
"2023-02-13","9397","13:32:00",4,1,"minute"
"2023-02-13","9397","13:33:00",0,1,"minute"
"2023-02-13","9397","13:34:00",0,1,"minute"
"2023-02-13","9397","13:35:00",0,1,"minute"
"2023-02-13","9397","13:36:00",0,1,"minute"
"2023-02-13","9397","13:37:00",0,1,"minute"
"2023-02-13","9397","13:38:00",0,1,"minute"
"2023-02-13","9397","13:39:00",0,1,"minute"
"2023-02-13","9397","13:40:00",6,1,"minute"
"2023-02-13","9397","13:41:00",15,1,"minute"
"2023-02-13","9397","13:42:00",19,1,"minute"
"2023-02-13","9397","13:43:00",14,1,"minute"
"2023-02-13","9397","13:44:00",18,1,"minute"
"2023-02-13","9397","13:45:00",38,1,"minute"
"2023-02-13","9397","13:46:00",9,1,"minute"
"2023-02-13","9397","13:47:00",0,1,"minute"
"2023-02-13","9397","13:48:00",0,1,"minute"
"2023-02-13","9397","13:49:00",0,1,"minute"
"2023-02-13","9397","13:50:00",0,1,"minute"
"2023-02-13","9397","13:51:00",0,1,"minute"
"2023-02-13","9397","13:52:00",0,1,"minute"
"2023-02-13","9397","13:53:00",0,1,"minute"
"2023-02-13","9397","13:54:00",24,1,"minute"
"2023-02-13","9397","13:55:00",0,1,"minute"
"2023-02-13","9397","13:56:00",0,1,"minute"
"2023-02-13","9397","13:57:00",0,1,"minute"
"2023-02-13","9397","13:58:00",22,1,"minute"
"2023-02-13","9397","13:59:00",50,1,"minute"
"2023-02-13","9397","14:00:00",76,1,"minute"
"2023-02-13","9397","14:01:00",50,1,"minute"
"2023-02-13","9397","14:02:00",83,1,"minute"
"2023-02-13","9397","14:03:00",10,1,"minute"
"2023-02-13","9397","14:04:00",38,1,"minute"
"2023-02-13","9397","14:05:00",18,1,"minute"
"2023-02-13","9397","14:06:00",52,1,"minute"
"2023-02-13","9397","14:07:00",50,1,"minute"
"2023-02-13","9397","14:08:00",44,1,"minute"
"2023-02-13","9397","14:09:00",53,1,"minute"
"2023-02-13","9397","14:10:00",27,1,"minute"
"2023-02-13","9397","14:11:00",17,1,"minute"
"2023-02-13","9397","14:12:00",19,1,"minute"
"2023-02-13","9397","14:13:00",10,1,"minute"
"2023-02-13","9397","14:14:00",58,1,"minute"
"2023-02-13","9397","14:15:00",7,1,"minute"
"2023-02-13","9397","14:16:00",0,1,"minute"
"2023-02-13","9397","14:17:00",22,1,"minute"
"2023-02-13","9397","14:18:00",34,1,"minute"
"2023-02-13","9397","14:19:00",28,1,"minute"
"2023-02-13","9397","14:20:00",21,1,"minute"
"2023-02-13","9397","14:21:00",10,1,"minute"
"2023-02-13","9397","14:22:00",45,1,"minute"
"2023-02-13","9397","14:23:00",18,1,"minute"
"2023-02-13","9397","14:24:00",37,1,"minute"
"2023-02-13","9397","14:25:00",14,1,"minute"
"2023-02-13","9397","14:26:00",0,1,"minute"
"2023-02-13","9397","14:27:00",61,1,"minute"
"2023-02-13","9397","14:28:00",21,1,"minute"
"2023-02-13","9397","14:29:00",73,1,"minute"
"2023-02-13","9397","14:30:00",54,1,"minute"
"2023-02-13","9397","14:31:00",61,1,"minute"
"2023-02-13","9397","14:32:00",47,1,"minute"
"2023-02-13","9397","14:33:00",19,1,"minute"
"2023-02-13","9397","14:34:00",25,1,"minute"
"2023-02-13","9397","14:35:00",0,1,"minute"
"2023-02-13","9397","14:36:00",36,1,"minute"
"2023-02-13","9397","14:37:00",10,1,"minute"
"2023-02-13","9397","14:38:00",4,1,"minute"
"2023-02-13","9397","14:39:00",1,1,"minute"
"2023-02-13","9397","14:40:00",19,1,"minute"
"2023-02-13","9397","14:41:00",72,1,"minute"
"2023-02-13","9397","14:42:00",51,1,"minute"
"2023-02-13","9397","14:43:00",65,1,"minute"
"2023-02-13","9397","14:44:00",37,1,"minute"
"2023-02-13","9397","14:45:00",30,1,"minute"
"2023-02-13","9397","14:46:00",0,1,"minute"
"2023-02-13","9397","14:47:00",6,1,"minute"
"2023-02-13","9397","14:48:00",4,1,"minute"
"2023-02-13","9397","14:49:00",60,1,"minute"
"2023-02-13","9397","14:50:00",62,1,"minute"
"2023-02-13","9397","14:51:00",61,1,"minute"
"2023-02-13","9397","14:52:00",31,1,"minute"
"2023-02-13","9397","14:53:00",0,1,"minute"
"2023-02-13","9397","14:54:00",0,1,"minute"
"2023-02-13","9397","14:55:00",11,1,"minute"
"2023-02-13","9397","14:56:00",0,1,"minute"
"2023-02-13","9397","14:57:00",7,1,"minute"
"2023-02-13","9397","14:58:00",37,1,"minute"
"2023-02-13","9397","14:59:00",0,1,"minute"
"2023-02-13","9397","15:00:00",0,1,"minute"
"2023-02-13","9397","15:01:00",0,1,"minute"
"2023-02-13","9397","15:02:00",0,1,"minute"
"2023-02-13","9397","15:03:00",0,1,"minute"
"2023-02-13","9397","15:04:00",8,1,"minute"
"2023-02-13","9397","15:05:00",7,1,"minute"
"2023-02-13","9397","15:06:00",30,1,"minute"
"2023-02-13","9397","15:07:00",0,1,"minute"
"2023-02-13","9397","15:08:00",29,1,"minute"
"2023-02-13","9397","15:09:00",17,1,"minute"
"2023-02-13","9397","15:10:00",0,1,"minute"
"2023-02-13","9397","15:11:00",0,1,"minute"
"2023-02-13","9397","15:12:00",0,1,"minute"
"2023-02-13","9397","15:13:00",0,1,"minute"
"2023-02-13","9397","15:14:00",0,1,"minute"
"2023-02-13","9397","15:15:00",0,1,"minute"
"2023-02-13","9397","15:16:00",0,1,"minute"
"2023-02-13","9397","15:17:00",0,1,"minute"
"2023-02-13","9397","15:18:00",0,1,"minute"
"2023-02-13","9397","15:19:00",0,1,"minute"
"2023-02-13","9397","15:20:00",0,1,"minute"
"2023-02-13","9397","15:21:00",0,1,"minute"
"2023-02-13","9397","15:22:00",0,1,"minute"
"2023-02-13","9397","15:23:00",0,1,"minute"
"2023-02-13","9397","15:24:00",0,1,"minute"
"2023-02-13","9397","15:25:00",0,1,"minute"
"2023-02-13","9397","15:26:00",0,1,"minute"
"2023-02-13","9397","15:27:00",0,1,"minute"
"2023-02-13","9397","15:28:00",23,1,"minute"
"2023-02-13","9397","15:29:00",5,1,"minute"
"2023-02-13","9397","15:30:00",0,1,"minute"
"2023-02-13","9397","15:31:00",0,1,"minute"
"2023-02-13","9397","15:32:00",0,1,"minute"
"2023-02-13","9397","15:33:00",0,1,"minute"
"2023-02-13","9397","15:34:00",0,1,"minute"
"2023-02-13","9397","15:35:00",0,1,"minute"
"2023-02-13","9397","15:36:00",0,1,"minute"
"2023-02-13","9397","15:37:00",0,1,"minute"
"2023-02-13","9397","15:38:00",0,1,"minute"
"2023-02-13","9397","15:39:00",0,1,"minute"
"2023-02-13","9397","15:40:00",0,1,"minute"
"2023-02-13","9397","15:41:00",31,1,"minute"
"2023-02-13","9397","15:42:00",36,1,"minute"
"2023-02-13","9397","15:43:00",12,1,"minute"
"2023-02-13","9397","15:44:00",49,1,"minute"
"2023-02-13","9397","15:45:00",4,1,"minute"
"2023-02-13","9397","15:46:00",0,1,"minute"
"2023-02-13","9397","15:47:00",0,1,"minute"
"2023-02-13","9397","15:48:00",0,1,"minute"
"2023-02-13","9397","15:49:00",7,1,"minute"
"2023-02-13","9397","15:50:00",0,1,"minute"
"2023-02-13","9397","15:51:00",0,1,"minute"
"2023-02-13","9397","15:52:00",0,1,"minute"
"2023-02-13","9397","15:53:00",4,1,"minute"
"2023-02-13","9397","15:54:00",7,1,"minute"
"2023-02-13","9397","15:55:00",0,1,"minute"
"2023-02-13","9397","15:56:00",15,1,"minute"
"2023-02-13","9397","15:57:00",0,1,"minute"
"2023-02-13","9397","15:58:00",0,1,"minute"
"2023-02-13","9397","15:59:00",4,1,"minute"
"2023-02-13","9397","16:00:00",6,1,"minute"
"2023-02-13","9397","16:01:00",0,1,"minute"
"2023-02-13","9397","16:02:00",8,1,"minute"
"2023-02-13","9397","16:03:00",0,1,"minute"
"2023-02-13","9397","16:04:00",0,1,"minute"
"2023-02-13","9397","16:05:00",0,1,"minute"
"2023-02-13","9397","16:06:00",0,1,"minute"
"2023-02-13","9397","16:07:00",0,1,"minute"
"2023-02-13","9397","16:08:00",0,1,"minute"
"2023-02-13","9397","16:09:00",0,1,"minute"
"2023-02-13","9397","16:10:00",0,1,"minute"
"2023-02-13","9397","16:11:00",0,1,"minute"
"2023-02-13","9397","16:12:00",0,1,"minute"
"2023-02-13","9397","16:13:00",0,1,"minute"
"2023-02-13","9397","16:14:00",0,1,"minute"
"2023-02-13","9397","16:15:00",0,1,"minute"
"2023-02-13","9397","16:16:00",0,1,"minute"
"2023-02-13","9397","16:17:00",0,1,"minute"
"2023-02-13","9397","16:18:00",0,1,"minute"
"2023-02-13","9397","16:19:00",6,1,"minute"
"2023-02-13","9397","16:20:00",0,1,"minute"
"2023-02-13","9397","16:21:00",0,1,"minute"
"2023-02-13","9397","16:22:00",0,1,"minute"
"2023-02-13","9397","16:23:00",0,1,"minute"
"2023-02-13","9397","16:24:00",12,1,"minute"
"2023-02-13","9397","16:25:00",53,1,"minute"
"2023-02-13","9397","16:26:00",6,1,"minute"
"2023-02-13","9397","16:27:00",19,1,"minute"
"2023-02-13","9397","16:28:00",31,1,"minute"
"2023-02-13","9397","16:29:00",9,1,"minute"
"2023-02-13","9397","16:30:00",14,1,"minute"
"2023-02-13","9397","16:31:00",0,1,"minute"
"2023-02-13","9397","16:32:00",0,1,"minute"
"2023-02-13","9397","16:33:00",0,1,"minute"
"2023-02-13","9397","16:34:00",0,1,"minute"
"2023-02-13","9397","16:35:00",0,1,"minute"
"2023-02-13","9397","16:36:00",0,1,"minute"
"2023-02-13","9397","16:37:00",0,1,"minute"
"2023-02-13","9397","16:38:00",0,1,"minute"
"2023-02-13","9397","16:39:00",0,1,"minute"
"2023-02-13","9397","16:40:00",0,1,"minute"
"2023-02-13","9397","16:41:00",0,1,"minute"
"2023-02-13","9397","16:42:00",0,1,"minute"
"2023-02-13","9397","16:43:00",52,1,"minute"
"2023-02-13","9397","16:44:00",20,1,"minute"
"2023-02-13","9397","16:45:00",0,1,"minute"
"2023-02-13","9397","16:46:00",22,1,"minute"
"2023-02-13","9397","16:47:00",27,1,"minute"
"2023-02-13","9397","16:48:00",0,1,"minute"
"2023-02-13","9397","16:49:00",0,1,"minute"
"2023-02-13","9397","16:50:00",6,1,"minute"
"2023-02-13","9397","16:51:00",0,1,"minute"
"2023-02-13","9397","16:52:00",11,1,"minute"
"2023-02-13","9397","16:53:00",11,1,"minute"
"2023-02-13","9397","16:54:00",0,1,"minute"
"2023-02-13","9397","16:55:00",60,1,"minute"
"2023-02-13","9397","16:56:00",6,1,"minute"
"2023-02-13","9397","16:57:00",0,1,"minute"
"2023-02-13","9397","16:58:00",15,1,"minute"
"2023-02-13","9397","16:59:00",0,1,"minute"
"2023-02-13","9397","17:00:00",0,1,"minute"
"2023-02-13","9397","17:01:00",0,1,"minute"
"2023-02-13","9397","17:02:00",0,1,"minute"
"2023-02-13","9397","17:03:00",10,1,"minute"
"2023-02-13","9397","17:04:00",0,1,"minute"
"2023-02-13","9397","17:05:00",0,1,"minute"
"2023-02-13","9397","17:06:00",0,1,"minute"
"2023-02-13","9397","17:07:00",0,1,"minute"
"2023-02-13","9397","17:08:00",16,1,"minute"
"2023-02-13","9397","17:09:00",13,1,"minute"
"2023-02-13","9397","17:10:00",48,1,"minute"
"2023-02-13","9397","17:11:00",0,1,"minute"
"2023-02-13","9397","17:12:00",0,1,"minute"
"2023-02-13","9397","17:13:00",0,1,"minute"
"2023-02-13","9397","17:14:00",0,1,"minute"
"2023-02-13","9397","17:15:00",0,1,"minute"
"2023-02-13","9397","17:16:00",0,1,"minute"
"2023-02-13","9397","17:17:00",0,1,"minute"
"2023-02-13","9397","17:18:00",0,1,"minute"
"2023-02-13","9397","17:19:00",0,1,"minute"
"2023-02-13","9397","17:20:00",0,1,"minute"
"2023-02-13","9397","17:21:00",0,1,"minute"
"2023-02-13","9397","17:22:00",11,1,"minute"
"2023-02-13","9397","17:23:00",0,1,"minute"
"2023-02-13","9397","17:24:00",0,1,"minute"
"2023-02-13","9397","17:25:00",11,1,"minute"
"2023-02-13","9397","17:26:00",0,1,"minute"
"2023-02-13","9397","17:27:00",0,1,"minute"
"2023-02-13","9397","17:28:00",0,1,"minute"
"2023-02-13","9397","17:29:00",0,1,"minute"
"2023-02-13","9397","17:30:00",0,1,"minute"
"2023-02-13","9397","17:31:00",0,1,"minute"
"2023-02-13","9397","17:32:00",0,1,"minute"
"2023-02-13","9397","17:33:00",0,1,"minute"
"2023-02-13","9397","17:34:00",0,1,"minute"
"2023-02-13","9397","17:35:00",0,1,"minute"
"2023-02-13","9397","17:36:00",0,1,"minute"
"2023-02-13","9397","17:37:00",0,1,"minute"
"2023-02-13","9397","17:38:00",0,1,"minute"
"2023-02-13","9397","17:39:00",0,1,"minute"
"2023-02-13","9397","17:40:00",0,1,"minute"
"2023-02-13","9397","17:41:00",0,1,"minute"
"2023-02-13","9397","17:42:00",0,1,"minute"
"2023-02-13","9397","17:43:00",0,1,"minute"
"2023-02-13","9397","17:44:00",0,1,"minute"
"2023-02-13","9397","17:45:00",0,1,"minute"
"2023-02-13","9397","17:46:00",0,1,"minute"
"2023-02-13","9397","17:47:00",0,1,"minute"
"2023-02-13","9397","17:48:00",0,1,"minute"
"2023-02-13","9397","17:49:00",0,1,"minute"
"2023-02-13","9397","17:50:00",0,1,"minute"
"2023-02-13","9397","17:51:00",0,1,"minute"
"2023-02-13","9397","17:52:00",0,1,"minute"
"2023-02-13","9397","17:53:00",0,1,"minute"
"2023-02-13","9397","17:54:00",0,1,"minute"
"2023-02-13","9397","17:55:00",0,1,"minute"
"2023-02-13","9397","17:56:00",0,1,"minute"
"2023-02-13","9397","17:57:00",0,1,"minute"
"2023-02-13","9397","17:58:00",0,1,"minute"
"2023-02-13","9397","17:59:00",0,1,"minute"
"2023-02-13","9397","18:00:00",0,1,"minute"
"2023-02-13","9397","18:01:00",0,1,"minute"
"2023-02-13","9397","18:02:00",0,1,"minute"
"2023-02-13","9397","18:03:00",0,1,"minute"
"2023-02-13","9397","18:04:00",0,1,"minute"
"2023-02-13","9397","18:05:00",0,1,"minute"
"2023-02-13","9397","18:06:00",0,1,"minute"
"2023-02-13","9397","18:07:00",0,1,"minute"
"2023-02-13","9397","18:08:00",0,1,"minute"
"2023-02-13","9397","18:09:00",0,1,"minute"
"2023-02-13","9397","18:10:00",0,1,"minute"
"2023-02-13","9397","18:11:00",0,1,"minute"
"2023-02-13","9397","18:12:00",29,1,"minute"
"2023-02-13","9397","18:13:00",0,1,"minute"
"2023-02-13","9397","18:14:00",23,1,"minute"
"2023-02-13","9397","18:15:00",0,1,"minute"
"2023-02-13","9397","18:16:00",0,1,"minute"
"2023-02-13","9397","18:17:00",0,1,"minute"
"2023-02-13","9397","18:18:00",39,1,"minute"
"2023-02-13","9397","18:19:00",110,1,"minute"
"2023-02-13","9397","18:20:00",113,1,"minute"
"2023-02-13","9397","18:21:00",104,1,"minute"
"2023-02-13","9397","18:22:00",32,1,"minute"
"2023-02-13","9397","18:23:00",0,1,"minute"
"2023-02-13","9397","18:24:00",0,1,"minute"
"2023-02-13","9397","18:25:00",0,1,"minute"
"2023-02-13","9397","18:26:00",0,1,"minute"
"2023-02-13","9397","18:27:00",0,1,"minute"
"2023-02-13","9397","18:28:00",0,1,"minute"
"2023-02-13","9397","18:29:00",0,1,"minute"
"2023-02-13","9397","18:30:00",0,1,"minute"
"2023-02-13","9397","18:31:00",0,1,"minute"
"2023-02-13","9397","18:32:00",0,1,"minute"
"2023-02-13","9397","18:33:00",0,1,"minute"
"2023-02-13","9397","18:34:00",0,1,"minute"
"2023-02-13","9397","18:35:00",0,1,"minute"
"2023-02-13","9397","18:36:00",0,1,"minute"
"2023-02-13","9397","18:37:00",0,1,"minute"
"2023-02-13","9397","18:38:00",0,1,"minute"
"2023-02-13","9397","18:39:00",0,1,"minute"
"2023-02-13","9397","18:40:00",0,1,"minute"
"2023-02-13","9397","18:41:00",0,1,"minute"
"2023-02-13","9397","18:42:00",0,1,"minute"
"2023-02-13","9397","18:43:00",0,1,"minute"
"2023-02-13","9397","18:44:00",0,1,"minute"
"2023-02-13","9397","18:45:00",0,1,"minute"
"2023-02-13","9397","18:46:00",0,1,"minute"
"2023-02-13","9397","18:47:00",0,1,"minute"
"2023-02-13","9397","18:48:00",0,1,"minute"
"2023-02-13","9397","18:49:00",0,1,"minute"
"2023-02-13","9397","18:50:00",0,1,"minute"
"2023-02-13","9397","18:51:00",0,1,"minute"
"2023-02-13","9397","18:52:00",0,1,"minute"
"2023-02-13","9397","18:53:00",0,1,"minute"
"2023-02-13","9397","18:54:00",0,1,"minute"
"2023-02-13","9397","18:55:00",0,1,"minute"
"2023-02-13","9397","18:56:00",0,1,"minute"
"2023-02-13","9397","18:57:00",0,1,"minute"
"2023-02-13","9397","18:58:00",0,1,"minute"
"2023-02-13","9397","18:59:00",0,1,"minute"
"2023-02-13","9397","19:00:00",0,1,"minute"
"2023-02-13","9397","19:01:00",0,1,"minute"
"2023-02-13","9397","19:02:00",0,1,"minute"
"2023-02-13","9397","19:03:00",0,1,"minute"
"2023-02-13","9397","19:04:00",0,1,"minute"
"2023-02-13","9397","19:05:00",0,1,"minute"
"2023-02-13","9397","19:06:00",0,1,"minute"
"2023-02-13","9397","19:07:00",0,1,"minute"
"2023-02-13","9397","19:08:00",0,1,"minute"
"2023-02-13","9397","19:09:00",0,1,"minute"
"2023-02-13","9397","19:10:00",0,1,"minute"
"2023-02-13","9397","19:11:00",0,1,"minute"
"2023-02-13","9397","19:12:00",0,1,"minute"
"2023-02-13","9397","19:13:00",0,1,"minute"
"2023-02-13","9397","19:14:00",0,1,"minute"
"2023-02-13","9397","19:15:00",0,1,"minute"
"2023-02-13","9397","19:16:00",0,1,"minute"
"2023-02-13","9397","19:17:00",0,1,"minute"
"2023-02-13","9397","19:18:00",0,1,"minute"
"2023-02-13","9397","19:19:00",0,1,"minute"
"2023-02-13","9397","19:20:00",0,1,"minute"
"2023-02-13","9397","19:21:00",0,1,"minute"
"2023-02-13","9397","19:22:00",0,1,"minute"
"2023-02-13","9397","19:23:00",0,1,"minute"
"2023-02-13","9397","19:24:00",0,1,"minute"
"2023-02-13","9397","19:25:00",0,1,"minute"
"2023-02-13","9397","19:26:00",0,1,"minute"
"2023-02-13","9397","19:27:00",0,1,"minute"
"2023-02-13","9397","19:28:00",0,1,"minute"
"2023-02-13","9397","19:29:00",0,1,"minute"
"2023-02-13","9397","19:30:00",0,1,"minute"
"2023-02-13","9397","19:31:00",0,1,"minute"
"2023-02-13","9397","19:32:00",0,1,"minute"
"2023-02-13","9397","19:33:00",0,1,"minute"
"2023-02-13","9397","19:34:00",0,1,"minute"
"2023-02-13","9397","19:35:00",0,1,"minute"
"2023-02-13","9397","19:36:00",0,1,"minute"
"2023-02-13","9397","19:37:00",52,1,"minute"
"2023-02-13","9397","19:38:00",112,1,"minute"
"2023-02-13","9397","19:39:00",118,1,"minute"
"2023-02-13","9397","19:40:00",116,1,"minute"
"2023-02-13","9397","19:41:00",34,1,"minute"
"2023-02-13","9397","19:42:00",11,1,"minute"
"2023-02-13","9397","19:43:00",0,1,"minute"
"2023-02-13","9397","19:44:00",0,1,"minute"
"2023-02-13","9397","19:45:00",0,1,"minute"
"2023-02-13","9397","19:46:00",7,1,"minute"
"2023-02-13","9397","19:47:00",0,1,"minute"
"2023-02-13","9397","19:48:00",0,1,"minute"
"2023-02-13","9397","19:49:00",21,1,"minute"
"2023-02-13","9397","19:50:00",7,1,"minute"
"2023-02-13","9397","19:51:00",26,1,"minute"
"2023-02-13","9397","19:52:00",6,1,"minute"
"2023-02-13","9397","19:53:00",0,1,"minute"
"2023-02-13","9397","19:54:00",0,1,"minute"
"2023-02-13","9397","19:55:00",0,1,"minute"
"2023-02-13","9397","19:56:00",0,1,"minute"
"2023-02-13","9397","19:57:00",0,1,"minute"
"2023-02-13","9397","19:58:00",0,1,"minute"
"2023-02-13","9397","19:59:00",0,1,"minute"
"2023-02-13","9397","20:00:00",0,1,"minute"
"2023-02-13","9397","20:01:00",0,1,"minute"
"2023-02-13","9397","20:02:00",0,1,"minute"
"2023-02-13","9397","20:03:00",0,1,"minute"
"2023-02-13","9397","20:04:00",0,1,"minute"
"2023-02-13","9397","20:05:00",0,1,"minute"
"2023-02-13","9397","20:06:00",0,1,"minute"
"2023-02-13","9397","20:07:00",6,1,"minute"
"2023-02-13","9397","20:08:00",0,1,"minute"
"2023-02-13","9397","20:09:00",0,1,"minute"
"2023-02-13","9397","20:10:00",10,1,"minute"
"2023-02-13","9397","20:11:00",0,1,"minute"
"2023-02-13","9397","20:12:00",6,1,"minute"
"2023-02-13","9397","20:13:00",0,1,"minute"
"2023-02-13","9397","20:14:00",0,1,"minute"
"2023-02-13","9397","20:15:00",0,1,"minute"
"2023-02-13","9397","20:16:00",0,1,"minute"
"2023-02-13","9397","20:17:00",0,1,"minute"
"2023-02-13","9397","20:18:00",0,1,"minute"
"2023-02-13","9397","20:19:00",0,1,"minute"
"2023-02-13","9397","20:20:00",0,1,"minute"
"2023-02-13","9397","20:21:00",0,1,"minute"
"2023-02-13","9397","20:22:00",0,1,"minute"
"2023-02-13","9397","20:23:00",0,1,"minute"
"2023-02-13","9397","20:24:00",0,1,"minute"
"2023-02-13","9397","20:25:00",0,1,"minute"
"2023-02-13","9397","20:26:00",0,1,"minute"
"2023-02-13","9397","20:27:00",0,1,"minute"
"2023-02-13","9397","20:28:00",0,1,"minute"
"2023-02-13","9397","20:29:00",0,1,"minute"
"2023-02-13","9397","20:30:00",4,1,"minute"
"2023-02-13","9397","20:31:00",26,1,"minute"
"2023-02-13","9397","20:32:00",0,1,"minute"
"2023-02-13","9397","20:33:00",0,1,"minute"
"2023-02-13","9397","20:34:00",0,1,"minute"
"2023-02-13","9397","20:35:00",0,1,"minute"
"2023-02-13","9397","20:36:00",0,1,"minute"
"2023-02-13","9397","20:37:00",0,1,"minute"
"2023-02-13","9397","20:38:00",0,1,"minute"
"2023-02-13","9397","20:39:00",0,1,"minute"
"2023-02-13","9397","20:40:00",0,1,"minute"
"2023-02-13","9397","20:41:00",0,1,"minute"
"2023-02-13","9397","20:42:00",0,1,"minute"
"2023-02-13","9397","20:43:00",0,1,"minute"
"2023-02-13","9397","20:44:00",0,1,"minute"
"2023-02-13","9397","20:45:00",0,1,"minute"
"2023-02-13","9397","20:46:00",0,1,"minute"
"2023-02-13","9397","20:47:00",0,1,"minute"
"2023-02-13","9397","20:48:00",0,1,"minute"
"2023-02-13","9397","20:49:00",0,1,"minute"
"2023-02-13","9397","20:50:00",0,1,"minute"
"2023-02-13","9397","20:51:00",0,1,"minute"
"2023-02-13","9397","20:52:00",0,1,"minute"
"2023-02-13","9397","20:53:00",0,1,"minute"
"2023-02-13","9397","20:54:00",0,1,"minute"
"2023-02-13","9397","20:55:00",0,1,"minute"
"2023-02-13","9397","20:56:00",0,1,"minute"
"2023-02-13","9397","20:57:00",0,1,"minute"
"2023-02-13","9397","20:58:00",0,1,"minute"
"2023-02-13","9397","20:59:00",0,1,"minute"
"2023-02-13","9397","21:00:00",0,1,"minute"
"2023-02-13","9397","21:01:00",0,1,"minute"
"2023-02-13","9397","21:02:00",0,1,"minute"
"2023-02-13","9397","21:03:00",0,1,"minute"
"2023-02-13","9397","21:04:00",0,1,"minute"
"2023-02-13","9397","21:05:00",0,1,"minute"
"2023-02-13","9397","21:06:00",0,1,"minute"
"2023-02-13","9397","21:07:00",0,1,"minute"
"2023-02-13","9397","21:08:00",0,1,"minute"
"2023-02-13","9397","21:09:00",0,1,"minute"
"2023-02-13","9397","21:10:00",0,1,"minute"
"2023-02-13","9397","21:11:00",0,1,"minute"
"2023-02-13","9397","21:12:00",0,1,"minute"
"2023-02-13","9397","21:13:00",0,1,"minute"
"2023-02-13","9397","21:14:00",0,1,"minute"
"2023-02-13","9397","21:15:00",0,1,"minute"
"2023-02-13","9397","21:16:00",0,1,"minute"
"2023-02-13","9397","21:17:00",0,1,"minute"
"2023-02-13","9397","21:18:00",0,1,"minute"
"2023-02-13","9397","21:19:00",0,1,"minute"
"2023-02-13","9397","21:20:00",0,1,"minute"
"2023-02-13","9397","21:21:00",0,1,"minute"
"2023-02-13","9397","21:22:00",0,1,"minute"
"2023-02-13","9397","21:23:00",0,1,"minute"
"2023-02-13","9397","21:24:00",0,1,"minute"
"2023-02-13","9397","21:25:00",0,1,"minute"
"2023-02-13","9397","21:26:00",0,1,"minute"
"2023-02-13","9397","21:27:00",0,1,"minute"
"2023-02-13","9397","21:28:00",0,1,"minute"
"2023-02-13","9397","21:29:00",0,1,"minute"
"2023-02-13","9397","21:30:00",0,1,"minute"
"2023-02-13","9397","21:31:00",0,1,"minute"
"2023-02-13","9397","21:32:00",0,1,"minute"
"2023-02-13","9397","21:33:00",0,1,"minute"
"2023-02-13","9397","21:34:00",0,1,"minute"
"2023-02-13","9397","21:35:00",0,1,"minute"
"2023-02-13","9397","21:36:00",0,1,"minute"
"2023-02-13","9397","21:37:00",0,1,"minute"
"2023-02-13","9397","21:38:00",0,1,"minute"
"2023-02-13","9397","21:39:00",0,1,"minute"
"2023-02-13","9397","21:40:00",0,1,"minute"
"2023-02-13","9397","21:41:00",0,1,"minute"
"2023-02-13","9397","21:42:00",0,1,"minute"
"2023-02-13","9397","21:43:00",0,1,"minute"
"2023-02-13","9397","21:44:00",0,1,"minute"
"2023-02-13","9397","21:45:00",0,1,"minute"
"2023-02-13","9397","21:46:00",0,1,"minute"
"2023-02-13","9397","21:47:00",0,1,"minute"
"2023-02-13","9397","21:48:00",0,1,"minute"
"2023-02-13","9397","21:49:00",0,1,"minute"
"2023-02-13","9397","21:50:00",13,1,"minute"
"2023-02-13","9397","21:51:00",29,1,"minute"
"2023-02-13","9397","21:52:00",16,1,"minute"
"2023-02-13","9397","21:53:00",12,1,"minute"
"2023-02-13","9397","21:54:00",0,1,"minute"
"2023-02-13","9397","21:55:00",0,1,"minute"
"2023-02-13","9397","21:56:00",21,1,"minute"
"2023-02-13","9397","21:57:00",18,1,"minute"
"2023-02-13","9397","21:58:00",57,1,"minute"
"2023-02-13","9397","21:59:00",32,1,"minute"
"2023-02-13","9397","22:00:00",0,1,"minute"
"2023-02-13","9397","22:01:00",19,1,"minute"
"2023-02-13","9397","22:02:00",34,1,"minute"
"2023-02-13","9397","22:03:00",47,1,"minute"
"2023-02-13","9397","22:04:00",0,1,"minute"
"2023-02-13","9397","22:05:00",13,1,"minute"
"2023-02-13","9397","22:06:00",27,1,"minute"
"2023-02-13","9397","22:07:00",0,1,"minute"
"2023-02-13","9397","22:08:00",6,1,"minute"
"2023-02-13","9397","22:09:00",0,1,"minute"
"2023-02-13","9397","22:10:00",0,1,"minute"
"2023-02-13","9397","22:11:00",15,1,"minute"
"2023-02-13","9397","22:12:00",0,1,"minute"
"2023-02-13","9397","22:13:00",17,1,"minute"
"2023-02-13","9397","22:14:00",13,1,"minute"
"2023-02-13","9397","22:15:00",27,1,"minute"
"2023-02-13","9397","22:16:00",17,1,"minute"
"2023-02-13","9397","22:17:00",9,1,"minute"
"2023-02-13","9397","22:18:00",0,1,"minute"
"2023-02-13","9397","22:19:00",38,1,"minute"
"2023-02-13","9397","22:20:00",28,1,"minute"
"2023-02-13","9397","22:21:00",7,1,"minute"
"2023-02-13","9397","22:22:00",7,1,"minute"
"2023-02-13","9397","22:23:00",14,1,"minute"
"2023-02-13","9397","22:24:00",7,1,"minute"
"2023-02-13","9397","22:25:00",0,1,"minute"
"2023-02-13","9397","22:26:00",6,1,"minute"
"2023-02-13","9397","22:27:00",42,1,"minute"
"2023-02-13","9397","22:28:00",0,1,"minute"
"2023-02-13","9397","22:29:00",0,1,"minute"
"2023-02-13","9397","22:30:00",0,1,"minute"
"2023-02-13","9397","22:31:00",0,1,"minute"
"2023-02-13","9397","22:32:00",0,1,"minute"
"2023-02-13","9397","22:33:00",0,1,"minute"
"2023-02-13","9397","22:34:00",0,1,"minute"
"2023-02-13","9397","22:35:00",0,1,"minute"
"2023-02-13","9397","22:36:00",0,1,"minute"
"2023-02-13","9397","22:37:00",0,1,"minute"
"2023-02-13","9397","22:38:00",0,1,"minute"
"2023-02-13","9397","22:39:00",0,1,"minute"
"2023-02-13","9397","22:40:00",0,1,"minute"
"2023-02-13","9397","22:41:00",0,1,"minute"
"2023-02-13","9397","22:42:00",0,1,"minute"
"2023-02-13","9397","22:43:00",0,1,"minute"
"2023-02-13","9397","22:44:00",0,1,"minute"
"2023-02-13","9397","22:45:00",0,1,"minute"
"2023-02-13","9397","22:46:00",0,1,"minute"
"2023-02-13","9397","22:47:00",0,1,"minute"
"2023-02-13","9397","22:48:00",0,1,"minute"
"2023-02-13","9397","22:49:00",0,1,"minute"
"2023-02-13","9397","22:50:00",0,1,"minute"
"2023-02-13","9397","22:51:00",0,1,"minute"
"2023-02-13","9397","22:52:00",0,1,"minute"
"2023-02-13","9397","22:53:00",0,1,"minute"
"2023-02-13","9397","22:54:00",0,1,"minute"
"2023-02-13","9397","22:55:00",0,1,"minute"
"2023-02-13","9397","22:56:00",0,1,"minute"
"2023-02-13","9397","22:57:00",0,1,"minute"
"2023-02-13","9397","22:58:00",0,1,"minute"
"2023-02-13","9397","22:59:00",0,1,"minute"
"2023-02-13","9397","23:00:00",0,1,"minute"
"2023-02-13","9397","23:01:00",0,1,"minute"
"2023-02-13","9397","23:02:00",0,1,"minute"
"2023-02-13","9397","23:03:00",0,1,"minute"
"2023-02-13","9397","23:04:00",0,1,"minute"
"2023-02-13","9397","23:05:00",0,1,"minute"
"2023-02-13","9397","23:06:00",0,1,"minute"
"2023-02-13","9397","23:07:00",0,1,"minute"
"2023-02-13","9397","23:08:00",0,1,"minute"
"2023-02-13","9397","23:09:00",0,1,"minute"
"2023-02-13","9397","23:10:00",0,1,"minute"
"2023-02-13","9397","23:11:00",0,1,"minute"
"2023-02-13","9397","23:12:00",0,1,"minute"
"2023-02-13","9397","23:13:00",0,1,"minute"
"2023-02-13","9397","23:14:00",0,1,"minute"
"2023-02-13","9397","23:15:00",0,1,"minute"
"2023-02-13","9397","23:16:00",0,1,"minute"
"2023-02-13","9397","23:17:00",0,1,"minute"
"2023-02-13","9397","23:18:00",0,1,"minute"
"2023-02-13","9397","23:19:00",0,1,"minute"
"2023-02-13","9397","23:20:00",0,1,"minute"
"2023-02-13","9397","23:21:00",0,1,"minute"
"2023-02-13","9397","23:22:00",0,1,"minute"
"2023-02-13","9397","23:23:00",0,1,"minute"
"2023-02-13","9397","23:24:00",0,1,"minute"
"2023-02-13","9397","23:25:00",0,1,"minute"
"2023-02-13","9397","23:26:00",0,1,"minute"
"2023-02-13","9397","23:27:00",0,1,"minute"
"2023-02-13","9397","23:28:00",0,1,"minute"
"2023-02-13","9397","23:29:00",0,1,"minute"
"2023-02-13","9397","23:30:00",0,1,"minute"
"2023-02-13","9397","23:31:00",0,1,"minute"
"2023-02-13","9397","23:32:00",0,1,"minute"
"2023-02-13","9397","23:33:00",0,1,"minute"
"2023-02-13","9397","23:34:00",0,1,"minute"
"2023-02-13","9397","23:35:00",0,1,"minute"
"2023-02-13","9397","23:36:00",0,1,"minute"
"2023-02-13","9397","23:37:00",0,1,"minute"
"2023-02-13","9397","23:38:00",0,1,"minute"
"2023-02-13","9397","23:39:00",0,1,"minute"
"2023-02-13","9397","23:40:00",0,1,"minute"
"2023-02-13","9397","23:41:00",0,1,"minute"
"2023-02-13","9397","23:42:00",0,1,"minute"
"2023-02-13","9397","23:43:00",0,1,"minute"
"2023-02-13","9397","23:44:00",0,1,"minute"
"2023-02-13","9397","23:45:00",0,1,"minute"
"2023-02-13","9397","23:46:00",0,1,"minute"
"2023-02-13","9397","23:47:00",0,1,"minute"
"2023-02-13","9397","23:48:00",0,1,"minute"
"2023-02-13","9397","23:49:00",0,1,"minute"
"2023-02-13","9397","23:50:00",0,1,"minute"
"2023-02-13","9397","23:51:00",0,1,"minute"
"2023-02-13","9397","23:52:00",0,1,"minute"
"2023-02-13","9397","23:53:00",0,1,"minute"
"2023-02-13","9397","23:54:00",0,1,"minute"
"2023-02-13","9397","23:55:00",0,1,"minute"
"2023-02-13","9397","23:56:00",0,1,"minute"
"2023-02-13","9397","23:57:00",0,1,"minute"
"2023-02-13","9397","23:58:00",0,1,"minute"
"2023-02-13","9397","23:59:00",0,1,"minute"
